<BackupInst xmlns="http://www.microsoft.com/GroupPolicy/GPOOperations/Manifest"><GPOGuid><![CDATA[{31B2F340-016D-11D2-945F-00C04FB984F9}]]></GPOGuid><GPODomain><![CDATA[hq.corp]]></GPODomain><GPODomainGuid><![CDATA[{9b721c35-73f9-49a8-af9e-5ca8e2f13164}]]></GPODomainGuid><GPODomainController><![CDATA[WINDC1.hq.corp]]></GPODomainController><BackupTime><![CDATA[2020-05-19T11:28:16]]></BackupTime><ID><![CDATA[{0F22C961-57A9-469E-81BE-818155556604}]]></ID><Comment><![CDATA[]]></Comment><GPODisplayName><![CDATA[Default Domain Policy]]></GPODisplayName></BackupInst>
