<?xml version="1.0" encoding="utf-8"?>
<RegistrySettings clsid="{A3CCFC41-DFDB-43a5-8D26-0FE8B954DA51}"><Registry clsid="{9CD4B2F4-923D-47f5-A062-E897DD1DAD50}" name="MaxSize" status="MaxSize" image="12" changed="2020-05-18 17:53:27" uid="{960EC6D4-A39F-4785-89C9-E114BCF4F4F9}"><Properties action="U" displayDecimal="1" default="0" hive="HKEY_LOCAL_MACHINE" key="SOFTWARE\Microsoft\Windows\CurrentVersion\WINEVT\Channels\Microsoft-Windows-AppLocker/EXE and DLL" name="MaxSize" type="REG_DWORD" value="3EBF0000"/></Registry>
	<Registry clsid="{9CD4B2F4-923D-47f5-A062-E897DD1DAD50}" name="Enabled" status="Enabled" image="12" changed="2020-05-18 17:25:40" uid="{F8627700-A494-4D06-AA50-23A5387ED5D8}"><Properties action="U" displayDecimal="1" default="0" hive="HKEY_LOCAL_MACHINE" key="SOFTWARE\Microsoft\Windows\CurrentVersion\WINEVT\Channels\Microsoft-Windows-AppLocker/EXE and DLL" name="Enabled" type="REG_DWORD" value="00000001"/></Registry>
	<Registry clsid="{9CD4B2F4-923D-47f5-A062-E897DD1DAD50}" name="MaxSize" descr="Wizard Generated Registry Item" image="12" status="MaxSize" changed="2020-05-18 17:53:05" uid="{08C2FF4B-4A77-4C76-80DC-E396193B82C4}"><Properties action="U" displayDecimal="1" default="0" hive="HKEY_LOCAL_MACHINE" key="SOFTWARE\Microsoft\Windows\CurrentVersion\WINEVT\Channels\Microsoft-Windows-AppLocker/MSI and Script" name="MaxSize" type="REG_DWORD" value="3EBF0000"/></Registry>
	<Registry clsid="{9CD4B2F4-923D-47f5-A062-E897DD1DAD50}" name="Enabled" descr="Wizard Generated Registry Item" image="12" status="Enabled" changed="2020-05-18 17:25:37" uid="{1584A902-207E-4554-864F-2A2017B9AAE2}"><Properties action="U" displayDecimal="1" default="0" hive="HKEY_LOCAL_MACHINE" key="SOFTWARE\Microsoft\Windows\CurrentVersion\WINEVT\Channels\Microsoft-Windows-AppLocker/MSI and Script" name="Enabled" type="REG_DWORD" value="00000001"/></Registry>
	<Registry clsid="{9CD4B2F4-923D-47f5-A062-E897DD1DAD50}" name="Enabled" descr="Wizard Generated Registry Item" image="12"><Properties action="U" hive="HKEY_LOCAL_MACHINE" key="SOFTWARE\Microsoft\Windows\CurrentVersion\WINEVT\Channels\Microsoft-Windows-PowerShell/Operational" name="Enabled" default="0" type="REG_DWORD" displayDecimal="0" value="00000001"/></Registry>
	<Registry clsid="{9CD4B2F4-923D-47f5-A062-E897DD1DAD50}" name="MaxSize" descr="Wizard Generated Registry Item" image="12" status="MaxSize" changed="2020-05-18 17:53:33" uid="{D62DD068-522A-410B-9E43-788F60A105D4}"><Properties action="U" displayDecimal="1" default="0" hive="HKEY_LOCAL_MACHINE" key="SOFTWARE\Microsoft\Windows\CurrentVersion\WINEVT\Channels\Microsoft-Windows-PowerShell/Operational" name="MaxSize" type="REG_DWORD" value="3EBF0000"/></Registry>
	<Registry clsid="{9CD4B2F4-923D-47f5-A062-E897DD1DAD50}" name="Enabled" descr="Wizard Generated Registry Item" image="12" status="Enabled" changed="2020-05-18 17:39:03" uid="{BDD1B894-B564-43F6-8CB2-6D2568D774C4}"><Properties action="U" displayDecimal="0" default="0" hive="HKEY_LOCAL_MACHINE" key="SOFTWARE\Microsoft\Windows\CurrentVersion\WINEVT\Channels\Microsoft-Windows-WinRM/Operational" name="Enabled" type="REG_DWORD" value="00000001"/></Registry>
	<Registry clsid="{9CD4B2F4-923D-47f5-A062-E897DD1DAD50}" name="Enabled" descr="Wizard Generated Registry Item" image="12" status="Enabled" changed="2020-05-18 17:38:01" uid="{EFC20B08-E7A9-439E-B3DE-7A5EA3F84E2B}"><Properties action="U" displayDecimal="0" default="0" hive="HKEY_LOCAL_MACHINE" key="SOFTWARE\Microsoft\Windows\CurrentVersion\WINEVT\Channels\Microsoft-Windows-CAPI2/Operational" name="Enabled" type="REG_DWORD" value="00000001"/></Registry>
	<Registry clsid="{9CD4B2F4-923D-47f5-A062-E897DD1DAD50}" name="MaxSize" status="MaxSize" image="12" changed="2020-05-18 17:40:16" uid="{36074FB3-9828-4249-A574-9DD85D07BA88}"><Properties action="U" displayDecimal="1" default="0" hive="HKEY_LOCAL_MACHINE" key="SOFTWARE\Microsoft\Windows\CurrentVersion\WINEVT\Channels\Microsoft-Windows-CAPI2/Operational" name="MaxSize" type="REG_DWORD" value="1F5F8000"/></Registry>
	<Registry clsid="{9CD4B2F4-923D-47f5-A062-E897DD1DAD50}" name="MaxSize" status="MaxSize" image="12" changed="2020-05-18 17:52:38" uid="{1417F233-9FED-4B02-AB91-62C147727E1F}"><Properties action="U" displayDecimal="1" default="0" hive="HKEY_LOCAL_MACHINE" key="SOFTWARE\Microsoft\Windows\CurrentVersion\WINEVT\Channels\Microsoft-Windows-WinRM/Operational" name="MaxSize" type="REG_DWORD" value="1F5F8000"/></Registry>
	<Registry clsid="{9CD4B2F4-923D-47f5-A062-E897DD1DAD50}" name="ChannelAccess" status="ChannelAccess" image="7" changed="2020-05-18 17:47:08" uid="{8CEFEB1B-C912-4A6B-852B-84ED07A3F20E}"><Properties action="U" displayDecimal="1" default="0" hive="HKEY_LOCAL_MACHINE" key="SOFTWARE\Microsoft\Windows\CurrentVersion\WINEVT\Channels\Microsoft-Windows-CAPI2/Operational" name="ChannelAccess" type="REG_SZ" value="O:BAG:SYD:(A;;0x7;;;BA)(A;;0x7;;;SO)(A;;0x2;;;AU)(A;;0x1;;;S-1-5-32-573)"/></Registry>
	<Registry clsid="{9CD4B2F4-923D-47f5-A062-E897DD1DAD50}" name="Enable" status="Enable" image="12" changed="2020-05-18 17:52:05" uid="{C59CE983-181D-4206-A93F-DB893472D556}"><Properties action="U" displayDecimal="1" default="0" hive="HKEY_LOCAL_MACHINE" key="SOFTWARE\Microsoft\Windows\CurrentVersion\WINEVT\Channels\Microsoft-Windows-DriverFrameworks-UserMode/Operational" name="Enable" type="REG_DWORD" value="00000001"/></Registry>
	<Registry clsid="{9CD4B2F4-923D-47f5-A062-E897DD1DAD50}" name="MaxSize" status="MaxSize" image="12" changed="2020-05-18 17:52:53" uid="{E328AF10-56AE-47A6-BE0F-20B5448BDDC2}"><Properties action="U" displayDecimal="1" default="0" hive="HKEY_LOCAL_MACHINE" key="SOFTWARE\Microsoft\Windows\CurrentVersion\WINEVT\Channels\Microsoft-Windows-DriverFrameworks-UserMode/Operational" name="MaxSize" type="REG_DWORD" value="1F5F8000"/></Registry>
</RegistrySettings>
