<BackupInst xmlns="http://www.microsoft.com/GroupPolicy/GPOOperations/Manifest"><GPOGuid><![CDATA[{C5612E4F-06E3-4D14-8712-DF0C66DBC3D9}]]></GPOGuid><GPODomain><![CDATA[hq.corp]]></GPODomain><GPODomainGuid><![CDATA[{9b721c35-73f9-49a8-af9e-5ca8e2f13164}]]></GPODomainGuid><GPODomainController><![CDATA[WINDC1.hq.corp]]></GPODomainController><BackupTime><![CDATA[2020-05-19T11:28:17]]></BackupTime><ID><![CDATA[{CDEF166F-FA92-4F64-A1F6-135D8C49E29A}]]></ID><Comment><![CDATA[]]></Comment><GPODisplayName><![CDATA[Domain-Audit-Policy]]></GPODisplayName></BackupInst>
