<Backups xmlns="http://www.microsoft.com/GroupPolicy/GPOOperations/Manifest" xmlns:mfst="http://www.microsoft.com/GroupPolicy/GPOOperations/Manifest" mfst:version="1.0"><BackupInst><GPOGuid><![CDATA[{EF2C2A94-A228-4DA7-AC1A-52A776AF0299}]]></GPOGuid><GPODomain><![CDATA[hq.corp]]></GPODomain><GPODomainGuid><![CDATA[{9b721c35-73f9-49a8-af9e-5ca8e2f13164}]]></GPODomainGuid><GPODomainController><![CDATA[WINDC1.hq.corp]]></GPODomainController><BackupTime><![CDATA[2020-05-19T11:28:18]]></BackupTime><ID><![CDATA[{3601ADC3-B073-4C7C-8663-878E4285F82E}]]></ID><Comment><![CDATA[]]></Comment><GPODisplayName><![CDATA[HQ-WEF-Policy]]></GPODisplayName></BackupInst><BackupInst><GPOGuid><![CDATA[{C5612E4F-06E3-4D14-8712-DF0C66DBC3D9}]]></GPOGuid><GPODomain><![CDATA[hq.corp]]></GPODomain><GPODomainGuid><![CDATA[{9b721c35-73f9-49a8-af9e-5ca8e2f13164}]]></GPODomainGuid><GPODomainController><![CDATA[WINDC1.hq.corp]]></GPODomainController><BackupTime><![CDATA[2020-05-19T11:28:17]]></BackupTime><ID><![CDATA[{CDEF166F-FA92-4F64-A1F6-135D8C49E29A}]]></ID><Comment><![CDATA[]]></Comment><GPODisplayName><![CDATA[Domain-Audit-Policy]]></GPODisplayName></BackupInst><BackupInst><GPOGuid><![CDATA[{6AC1786C-016F-11D2-945F-00C04fB984F9}]]></GPOGuid><GPODomain><![CDATA[hq.corp]]></GPODomain><GPODomainGuid><![CDATA[{9b721c35-73f9-49a8-af9e-5ca8e2f13164}]]></GPODomainGuid><GPODomainController><![CDATA[WINDC1.hq.corp]]></GPODomainController><BackupTime><![CDATA[2020-05-19T11:28:16]]></BackupTime><ID><![CDATA[{5248EB02-9880-4423-948C-6E5712D78AA8}]]></ID><Comment><![CDATA[]]></Comment><GPODisplayName><![CDATA[Default Domain Controllers Policy]]></GPODisplayName></BackupInst><BackupInst><GPOGuid><![CDATA[{31B2F340-016D-11D2-945F-00C04FB984F9}]]></GPOGuid><GPODomain><![CDATA[hq.corp]]></GPODomain><GPODomainGuid><![CDATA[{9b721c35-73f9-49a8-af9e-5ca8e2f13164}]]></GPODomainGuid><GPODomainController><![CDATA[WINDC1.hq.corp]]></GPODomainController><BackupTime><![CDATA[2020-05-19T11:28:16]]></BackupTime><ID><![CDATA[{0F22C961-57A9-469E-81BE-818155556604}]]></ID><Comment><![CDATA[]]></Comment><GPODisplayName><![CDATA[Default Domain Policy]]></GPODisplayName></BackupInst><BackupInst><GPOGuid><![CDATA[{033537B1-E9A0-449A-AB4B-B4850C44FBD2}]]></GPOGuid><GPODomain><![CDATA[hq.corp]]></GPODomain><GPODomainGuid><![CDATA[{9b721c35-73f9-49a8-af9e-5ca8e2f13164}]]></GPODomainGuid><GPODomainController><![CDATA[WINDC1.hq.corp]]></GPODomainController><BackupTime><![CDATA[2020-05-19T11:28:16]]></BackupTime><ID><![CDATA[{505FF12B-EB3C-4CCB-8481-B489C0D14E2F}]]></ID><Comment><![CDATA[]]></Comment><GPODisplayName><![CDATA[DC-WEF-Policy]]></GPODisplayName></BackupInst></Backups>