"DisplayName","GpoId","Enabled","Enforced","Order","Target","GpoDomainName"
"Default Domain Policy","31b2f340-016d-11d2-945f-00c04fb984f9","True","False","1","dc=hq,dc=corp","hq.corp"
"Domain-Audit-Policy","c5612e4f-06e3-4d14-8712-df0c66dbc3d9","True","False","2","dc=hq,dc=corp","hq.corp"
"Default Domain Controllers Policy","6ac1786c-016f-11d2-945f-00c04fb984f9","True","False","1","ou=domain controllers,dc=hq,dc=corp","hq.corp"
"DC-WEF-Policy","442e97eb-5eac-4a29-9af1-295128ef2d94","True","False","2","ou=domain controllers,dc=hq,dc=corp","hq.corp"
"HQ-WEF-Policy","ef2c2a94-a228-4da7-ac1a-52a776af0299","True","False","1","ou=hq,dc=hq,dc=corp","hq.corp"
