<BackupInst xmlns="http://www.microsoft.com/GroupPolicy/GPOOperations/Manifest"><GPOGuid><![CDATA[{6AC1786C-016F-11D2-945F-00C04fB984F9}]]></GPOGuid><GPODomain><![CDATA[hq.corp]]></GPODomain><GPODomainGuid><![CDATA[{9b721c35-73f9-49a8-af9e-5ca8e2f13164}]]></GPODomainGuid><GPODomainController><![CDATA[WINDC1.hq.corp]]></GPODomainController><BackupTime><![CDATA[2020-05-19T11:28:16]]></BackupTime><ID><![CDATA[{5248EB02-9880-4423-948C-6E5712D78AA8}]]></ID><Comment><![CDATA[]]></Comment><GPODisplayName><![CDATA[Default Domain Controllers Policy]]></GPODisplayName></BackupInst>
