<BackupInst xmlns="http://www.microsoft.com/GroupPolicy/GPOOperations/Manifest"><GPOGuid><![CDATA[{033537B1-E9A0-449A-AB4B-B4850C44FBD2}]]></GPOGuid><GPODomain><![CDATA[hq.corp]]></GPODomain><GPODomainGuid><![CDATA[{9b721c35-73f9-49a8-af9e-5ca8e2f13164}]]></GPODomainGuid><GPODomainController><![CDATA[WINDC1.hq.corp]]></GPODomainController><BackupTime><![CDATA[2020-05-19T11:28:16]]></BackupTime><ID><![CDATA[{505FF12B-EB3C-4CCB-8481-B489C0D14E2F}]]></ID><Comment><![CDATA[]]></Comment><GPODisplayName><![CDATA[DC-WEF-Policy]]></GPODisplayName></BackupInst>
