<BackupInst xmlns="http://www.microsoft.com/GroupPolicy/GPOOperations/Manifest"><GPOGuid><![CDATA[{EF2C2A94-A228-4DA7-AC1A-52A776AF0299}]]></GPOGuid><GPODomain><![CDATA[hq.corp]]></GPODomain><GPODomainGuid><![CDATA[{9b721c35-73f9-49a8-af9e-5ca8e2f13164}]]></GPODomainGuid><GPODomainController><![CDATA[WINDC1.hq.corp]]></GPODomainController><BackupTime><![CDATA[2020-05-19T11:28:18]]></BackupTime><ID><![CDATA[{3601ADC3-B073-4C7C-8663-878E4285F82E}]]></ID><Comment><![CDATA[]]></Comment><GPODisplayName><![CDATA[HQ-WEF-Policy]]></GPODisplayName></BackupInst>
