<?xml version="1.0" encoding="utf-8"?>
<ScheduledTasks clsid="{CC63F200-7309-4ba0-B154-A71CD118DBCC}"><TaskV2 clsid="{D8896631-B747-47a7-84A6-C155337F3BC8}" name="DC-Sysmon-InstallUpdate" image="2" changed="2020-05-21 13:16:33" uid="{7AC16BD9-067D-41D8-96DE-E0CEE794EA7C}"><Properties action="U" name="DC-Sysmon-InstallUpdate" runAs="NT AUTHORITY\System" logonType="S4U"><Task version="1.3"><RegistrationInfo><Author>hq\Administrator</Author><Description>DC-Sysmon-InstallUpdate</Description></RegistrationInfo><Principals><Principal id="Author"><UserId>NT AUTHORITY\System</UserId><LogonType>S4U</LogonType><RunLevel>HighestAvailable</RunLevel></Principal></Principals><Settings><IdleSettings><Duration>PT5M</Duration><WaitTimeout>PT1H</WaitTimeout><StopOnIdleEnd>false</StopOnIdleEnd><RestartOnIdle>false</RestartOnIdle></IdleSettings><MultipleInstancesPolicy>IgnoreNew</MultipleInstancesPolicy><DisallowStartIfOnBatteries>false</DisallowStartIfOnBatteries><StopIfGoingOnBatteries>false</StopIfGoingOnBatteries><AllowHardTerminate>true</AllowHardTerminate><StartWhenAvailable>false</StartWhenAvailable><AllowStartOnDemand>true</AllowStartOnDemand><Enabled>true</Enabled><Hidden>false</Hidden><ExecutionTimeLimit>P3D</ExecutionTimeLimit><Priority>7</Priority></Settings><Triggers><CalendarTrigger><StartBoundary>2020-05-21T00:00:00</StartBoundary><Enabled>true</Enabled><ScheduleByDay><DaysInterval>1</DaysInterval></ScheduleByDay><RandomDelay>PT1M</RandomDelay><Repetition><Interval>PT1H</Interval><StopAtDurationEnd>false</StopAtDurationEnd></Repetition></CalendarTrigger></Triggers><Actions Context="Author"><Exec><Command>powershell.exe</Command><Arguments>-ExecutionPolicy Bypass \\hq.corp\NETLOGON\Sysmon\DC-Sysmon-InstallUpdate.ps1</Arguments></Exec>
				</Actions></Task></Properties></TaskV2>
</ScheduledTasks>
